bundle_name,sum_revenu
BTL 4G Bundle 14 Weekly,144349.09090789998
BTL 4G Bundle 9 Monthly,136509.090908563
BTL 4G Bundle 7 Weekly,127163.636364887
BTL 4G Bundle 10 Monthly,114763.63636268
BTL 4G Bundle 8 Weekly,114036.36363616001
BTL 4G Bundle 12 Monthly,94399.99999705
BTL 4G Bundle 5 Monthly,86618.18181746
BTL 4G Bundle 16 Monthly,74763.6363613
BTL 4G Bundle 2 Weekly,63563.636364262005
BTL 4G Bundle 1 Daily,54600.0000000089
