bundle_name,sum_revenu
7GB Weekly bundle,4584043.63639547
600MB Daily bundle,2590967.2726481613
Special Data Offer 100GB,1685818.1817655102
100GB 4G bundle,1249454.5454584497
Tesla New Data Bundle Weekly,843563.636362258
30GB Monthly bundle,817090.9091055
Daily300MB,685518.1818188274
Weekly3GB,667490.9090975061
Tesla New Data Bundle Daily,548145.454530844
Monthly10GB,384436.36363316
